1,Shawn,Ortiz,sortiz0@phpbb.com,Male,220.230.14.48
2,Irene,Reyes,ireyes1@mlb.com,Female,223.29.141.92
3,Benjamin,Sims,bsims2@foxnews.com,Male,195.83.38.55
4,Carlos,Hanson,chanson3@ucsd.edu,Male,104.254.37.125
5,Sarah,Perez,sperez4@over-blog.com,Female,31.221.152.141
6,Samuel,Fox,sfox5@unicef.org,Male,146.215.133.121
7,Ronald,Adams,radams6@altervista.org,Male,94.131.146.52
8,Ann,Garza,agarza7@twitter.com,Female,176.215.206.81
9,Tina,Ortiz,tortiz8@hc360.com,Female,67.109.81.212
10,Terry,Alvarez,talvarez9@washingtonpost.com,Male,90.163.225.53
11,Harry,Rogers,hrogersa@geocities.jp,Male,17.30.80.174
12,Michael,Snyder,msnyderb@plala.or.jp,Male,154.101.118.74
13,Emily,Price,epricec@paginegialle.it,Female,142.95.21.60
14,Denise,Chapman,dchapmand@w3.org,Female,173.14.9.51
15,Paul,Freeman,pfreemane@sfgate.com,Male,175.55.192.43
16,Samuel,Tucker,stuckerf@youtube.com,Male,79.123.59.152
17,Sandra,Gutierrez,sgutierrezg@mit.edu,Female,203.196.133.200
18,Frank,Day,fdayh@goo.gl,Male,134.65.219.102
19,Diana,Martinez,dmartinezi@patch.com,Female,184.43.170.22
20,Raymond,Lawrence,rlawrencej@tinyurl.com,Male,43.68.250.58
21,Justin,Diaz,jdiazk@about.com,Male,173.137.198.193
22,Craig,Burke,cburkel@reuters.com,Male,201.89.94.188
23,Samuel,Spencer,sspencerm@bloomberg.com,Male,107.44.54.24
24,Ashley,Porter,aportern@comsenz.com,Female,113.69.172.122
25,Philip,Willis,pwilliso@earthlink.net,Male,38.146.24.187
26,Brenda,Bryant,bbryantp@mail.ru,Female,84.192.4.159
27,Earl,Garcia,egarciaq@time.com,Male,78.59.54.176
28,Ashley,Moore,amoorer@ning.com,Female,83.138.136.221
29,Victor,Pierce,vpierces@wsj.com,Male,100.239.207.104
30,Sandra,Thomas,sthomast@dailymail.co.uk,Female,217.213.201.243
31,Ruth,Ward,rwardu@nih.gov,Female,112.196.143.138
32,Jerry,Allen,jallenv@elpais.com,Male,247.237.26.174
33,Steve,Perkins,sperkinsw@joomla.org,Male,38.73.22.74
34,Mary,Watkins,mwatkinsx@github.com,Female,45.27.55.255
35,Justin,Bell,jbelly@ezinearticles.com,Male,151.150.165.23
36,Harry,Washington,hwashingtonz@webeden.co.uk,Male,135.137.197.151
37,Roger,Carroll,rcarroll10@amazon.co.jp,Male,92.76.71.175
38,Gregory,Fox,gfox11@npr.org,Male,128.196.27.159
39,Frank,Jones,fjones12@instagram.com,Male,92.231.57.242
40,Melissa,Willis,mwillis13@homestead.com,Female,254.62.156.140
41,Aaron,Dean,adean14@google.ca,Male,142.205.184.108
42,Patrick,Collins,pcollins15@illinois.edu,Male,112.248.236.210
43,Teresa,Franklin,tfranklin16@mit.edu,Female,80.155.78.245
44,Lawrence,Turner,lturner17@washingtonpost.com,Male,157.182.49.125
45,Thomas,Spencer,tspencer18@irs.gov,Male,192.0.165.251
46,Cynthia,Barnes,cbarnes19@wikia.com,Female,139.214.240.97
47,Diana,Garcia,dgarcia1a@msn.com,Female,226.7.210.150
48,Shirley,Cole,scole1b@berkeley.edu,Female,100.72.161.26
49,Maria,Harvey,mharvey1c@europa.eu,Female,61.125.190.207
50,Jacqueline,Cox,jcox1d@sohu.com,Female,226.248.237.242
51,Jimmy,Montgomery,jmontgomery1e@usatoday.com,Male,57.140.1.200
52,Howard,Wagner,hwagner1f@huffingtonpost.com,Male,86.108.95.178
53,Timothy,Morales,tmorales1g@tinyurl.com,Male,229.6.204.154
54,Martha,Fuller,mfuller1h@qq.com,Female,177.22.23.24
55,Antonio,Frazier,afrazier1i@github.com,Male,22.197.198.206
56,Jerry,Armstrong,jarmstrong1j@biglobe.ne.jp,Male,94.43.46.118
57,George,Nguyen,gnguyen1k@ycombinator.com,Male,244.44.45.89
58,Amanda,Long,along1l@theatlantic.com,Female,33.73.3.31
59,Lawrence,Shaw,lshaw1m@ebay.com,Male,107.223.230.208
60,Lillian,Martinez,lmartinez1n@posterous.com,Female,14.33.179.52
61,Annie,Daniels,adaniels1o@friendfeed.com,Female,31.41.18.107
62,Fred,Armstrong,farmstrong1p@bluehost.com,Male,215.214.231.243
63,Mark,James,mjames1q@businesswire.com,Male,148.169.90.136
64,Bonnie,Hernandez,bhernandez1r@archive.org,Female,105.74.250.159
65,Larry,Fisher,lfisher1s@redcross.org,Male,203.233.131.163
66,Dennis,Hicks,dhicks1t@odnoklassniki.ru,Male,53.249.100.229
67,Laura,Barnes,lbarnes1u@bizjournals.com,Female,69.88.107.167
68,Louise,Fuller,lfuller1v@tripadvisor.com,Female,210.79.102.164
69,Linda,Schmidt,lschmidt1w@theguardian.com,Female,120.122.120.49
70,Ronald,Lawrence,rlawrence1x@paginegialle.it,Male,204.138.32.210
71,Diane,Armstrong,darmstrong1y@behance.net,Female,182.14.66.225
72,Jessica,Coleman,jcoleman1z@ovh.net,Female,17.97.127.160
73,Robin,Mason,rmason20@guardian.co.uk,Female,54.227.103.28
74,Robert,Coleman,rcoleman21@engadget.com,Male,231.252.155.202
75,Roy,Palmer,rpalmer22@prweb.com,Male,209.215.51.6
76,Jonathan,Bell,jbell23@washington.edu,Male,185.223.185.114
77,Joyce,Matthews,jmatthews24@nytimes.com,Female,170.135.185.204
78,Ryan,Burke,rburke25@ning.com,Male,171.108.194.247
79,Jack,Ellis,jellis26@issuu.com,Male,100.197.251.131
80,Anthony,Nichols,anichols27@squidoo.com,Male,179.83.11.81
81,Maria,West,mwest28@bbc.co.uk,Female,20.119.219.217
82,Norma,Holmes,nholmes29@mapquest.com,Female,149.140.29.29
83,Ruby,Flores,rflores2a@hc360.com,Female,124.232.45.7
84,Lillian,Turner,lturner2b@360.cn,Female,116.101.79.238
85,Louise,Morgan,lmorgan2c@sphinn.com,Female,236.248.36.134
86,Bonnie,Phillips,bphillips2d@cnn.com,Female,182.96.122.250
87,Ashley,Wheeler,awheeler2e@archive.org,Female,154.177.2.5
88,Dennis,Wagner,dwagner2f@bravesites.com,Male,10.215.145.156
89,Virginia,Reynolds,vreynolds2g@godaddy.com,Female,13.250.77.158
90,Richard,Woods,rwoods2h@marriott.com,Male,196.71.111.124
91,Todd,Andrews,tandrews2i@pinterest.com,Male,218.82.108.73
92,Benjamin,Wheeler,bwheeler2j@linkedin.com,Male,63.75.87.234
93,Andrea,Bryant,abryant2k@businessinsider.com,Female,102.241.183.185
94,Michelle,Nichols,mnichols2l@wordpress.org,Female,39.254.95.208
95,Brandon,Murphy,bmurphy2m@foxnews.com,Male,86.170.41.77
96,Beverly,George,bgeorge2n@webmd.com,Female,128.82.120.124
97,Amanda,Frazier,afrazier2o@va.gov,Female,139.81.159.33
98,Matthew,Bowman,mbowman2p@amazon.com,Male,93.57.71.182
99,Ashley,Duncan,aduncan2q@rakuten.co.jp,Female,61.89.229.142
100,Louise,Miller,lmiller2r@vinaora.com,Female,198.231.240.6
101,Douglas,Howell,dhowell2s@about.com,Male,220.220.71.29
102,Susan,Perez,sperez2t@list-manage.com,Female,136.212.244.226
103,Philip,Mills,pmills2u@bandcamp.com,Male,31.203.149.158
104,Anna,Brooks,abrooks2v@house.gov,Female,221.52.5.105
105,Justin,Ramos,jramos2w@csmonitor.com,Male,187.153.209.178
106,Thomas,Matthews,tmatthews2x@simplemachines.org,Male,36.61.94.102
107,Ann,Mccoy,amccoy2y@wikia.com,Female,89.113.163.153
108,Ralph,Wheeler,rwheeler2z@time.com,Male,61.151.55.37
109,Melissa,Murray,mmurray30@theatlantic.com,Female,218.62.170.244
110,Janice,Hayes,jhayes31@barnesandnoble.com,Female,80.78.181.55
111,Judith,Hunt,jhunt32@usa.gov,Female,255.101.82.32
112,Lois,Graham,lgraham33@sun.com,Female,17.196.20.232
113,Brenda,Williamson,bwilliamson34@state.tx.us,Female,23.126.130.116
114,Jack,Mills,jmills35@whitehouse.gov,Male,158.90.158.102
115,Patricia,Hall,phall36@wufoo.com,Female,146.211.186.218
116,Richard,Fowler,rfowler37@google.fr,Male,218.130.142.201
117,Angela,Hughes,ahughes38@slashdot.org,Female,118.46.88.47
118,Robert,Kim,rkim39@wired.com,Male,108.206.118.104
119,Scott,Payne,spayne3a@blogger.com,Male,118.115.98.70
120,Pamela,Nichols,pnichols3b@slideshare.net,Female,123.84.131.53
121,Teresa,Graham,tgraham3c@bandcamp.com,Female,72.245.252.137
122,Phillip,Ross,pross3d@columbia.edu,Male,156.25.129.100
123,Karen,Williamson,kwilliamson3e@etsy.com,Female,233.5.69.247
124,Gloria,Hawkins,ghawkins3f@ox.ac.uk,Female,71.157.132.187
125,Michael,Carpenter,mcarpenter3g@usda.gov,Male,237.197.29.209
126,Paula,Andrews,pandrews3h@google.co.uk,Female,174.220.114.209
127,Albert,Montgomery,amontgomery3i@bigcartel.com,Male,22.226.11.67
128,Pamela,Anderson,panderson3j@comcast.net,Female,13.163.67.54
129,Peter,Reynolds,preynolds3k@imgur.com,Male,247.55.125.48
130,Harry,Perry,hperry3l@baidu.com,Male,254.161.41.92
131,Eric,Fuller,efuller3m@google.de,Male,51.174.4.102
132,Betty,Barnes,bbarnes3n@hibu.com,Female,4.31.199.23
133,Johnny,Alvarez,jalvarez3o@fc2.com,Male,73.25.132.177
134,Christopher,Gomez,cgomez3p@bbb.org,Male,146.115.169.219
135,Wanda,Sanchez,wsanchez3q@mashable.com,Female,199.30.99.39
136,Arthur,Wilson,awilson3r@ow.ly,Male,234.140.233.230
137,Eric,Hawkins,ehawkins3s@sphinn.com,Male,182.231.25.45
138,James,Elliott,jelliott3t@yellowpages.com,Male,160.215.31.78
139,James,Lopez,jlopez3u@paypal.com,Male,166.55.195.64
140,Robert,Riley,rriley3v@twitter.com,Male,130.41.206.2
141,Albert,Cole,acole3w@yandex.ru,Male,0.33.235.230
142,Ann,Hanson,ahanson3x@eepurl.com,Female,190.77.247.124
143,Lawrence,Harper,lharper3y@theatlantic.com,Male,6.55.141.34
144,Tina,Walker,twalker3z@slideshare.net,Female,7.26.69.21
145,Judy,Wood,jwood40@ning.com,Female,94.183.203.217
146,Judith,Frazier,jfrazier41@addtoany.com,Female,65.147.71.78
147,Jerry,Medina,jmedina42@shareasale.com,Male,218.16.94.160
148,Christina,Watkins,cwatkins43@over-blog.com,Female,231.126.151.74
149,Teresa,Arnold,tarnold44@booking.com,Female,99.49.120.172
150,Sandra,Perkins,sperkins45@archive.org,Female,173.121.206.204
151,Carolyn,Lawson,clawson46@barnesandnoble.com,Female,158.159.194.114
152,Laura,Banks,lbanks47@chronoengine.com,Female,136.36.228.201
153,Sean,Fowler,sfowler48@huffingtonpost.com,Male,63.2.224.38
154,Harold,Shaw,hshaw49@guardian.co.uk,Male,230.109.243.75
155,Johnny,Foster,jfoster4a@mapy.cz,Male,51.215.100.71
156,Brandon,Reed,breed4b@alibaba.com,Male,123.148.168.201
157,James,Fowler,jfowler4c@ucoz.ru,Male,224.119.48.173
158,Daniel,Chapman,dchapman4d@drupal.org,Male,157.17.124.235
159,Henry,Arnold,harnold4e@hubpages.com,Male,125.38.170.240
160,George,Nichols,gnichols4f@shinystat.com,Male,230.251.70.22
161,Melissa,Burton,mburton4g@ebay.co.uk,Female,174.227.29.16
162,Kathleen,Kennedy,kkennedy4h@nifty.com,Female,236.31.47.170
163,Stephen,Owens,sowens4i@wunderground.com,Male,142.122.91.218
164,Jessica,Fowler,jfowler4j@arstechnica.com,Female,135.29.30.14
165,Denise,Anderson,danderson4k@hibu.com,Female,3.29.25.7
166,Wayne,Snyder,wsnyder4l@uol.com.br,Male,179.60.28.192
167,Lori,Stewart,lstewart4m@abc.net.au,Female,88.18.208.79
168,Nancy,Hamilton,nhamilton4n@wp.com,Female,6.176.186.105
169,Bruce,Murray,bmurray4o@mayoclinic.com,Male,237.78.216.1
170,Judith,Patterson,jpatterson4p@craigslist.org,Female,1.154.69.250
171,Robin,Burke,rburke4q@paginegialle.it,Female,34.147.161.171
172,Mark,Ortiz,mortiz4r@jiathis.com,Male,68.116.170.245
173,Russell,Fowler,rfowler4s@msn.com,Male,54.124.122.7
174,Shawn,Marshall,smarshall4t@zimbio.com,Male,3.184.109.161
175,Anthony,Perry,aperry4u@google.com.br,Male,82.89.152.31
176,Harry,Reynolds,hreynolds4v@springer.com,Male,220.233.140.202
177,Nicholas,Torres,ntorres4w@statcounter.com,Male,170.230.249.58
178,Todd,Parker,tparker4x@jalbum.net,Male,248.21.17.81
179,Amy,Campbell,acampbell4y@bandcamp.com,Female,155.177.101.247
180,Judy,Gordon,jgordon4z@usa.gov,Female,56.200.22.160
181,Annie,Sims,asims50@wsj.com,Female,181.179.227.26
182,Lisa,Perry,lperry51@harvard.edu,Female,90.0.81.217
183,Kenneth,Thompson,kthompson52@1und1.de,Male,134.44.33.226
184,Frank,Hicks,fhicks53@patch.com,Male,151.165.36.25
185,Terry,Cruz,tcruz54@chronoengine.com,Male,84.220.1.104
186,Walter,Kennedy,wkennedy55@tinypic.com,Male,81.110.188.231
187,Lisa,Rodriguez,lrodriguez56@godaddy.com,Female,176.190.33.183
188,Robin,Diaz,rdiaz57@admin.ch,Female,140.241.13.188
189,Howard,Freeman,hfreeman58@tmall.com,Male,89.69.54.234
190,Roy,Williamson,rwilliamson59@hatena.ne.jp,Male,109.130.18.108
191,Benjamin,Gray,bgray5a@youtu.be,Male,71.213.22.135
192,Johnny,Ryan,jryan5b@nsw.gov.au,Male,238.78.233.66
193,Linda,Day,lday5c@mediafire.com,Female,115.33.167.58
194,Peter,Richards,prichards5d@statcounter.com,Male,198.18.169.71
195,Robert,Nguyen,rnguyen5e@oakley.com,Male,163.2.51.217
196,Adam,Hill,ahill5f@exblog.jp,Male,174.34.176.210
197,Albert,Hicks,ahicks5g@ycombinator.com,Male,47.30.152.15
198,Jesse,James,jjames5h@youku.com,Male,220.76.198.102
199,Douglas,Moore,dmoore5i@taobao.com,Male,89.241.75.74
200,Pamela,Bryant,pbryant5j@virginia.edu,Female,128.181.146.207
201,Shirley,Price,sprice5k@un.org,Female,216.44.160.163
202,David,Mendoza,dmendoza5l@soundcloud.com,Male,220.144.179.41
203,Albert,Hawkins,ahawkins5m@phoca.cz,Male,139.201.214.5
204,Joyce,Simpson,jsimpson5n@bbc.co.uk,Female,252.182.119.5
205,Kathryn,Gutierrez,kgutierrez5o@addtoany.com,Female,198.195.23.181
206,Matthew,Matthews,mmatthews5p@dailymotion.com,Male,145.133.40.99
207,William,Cook,wcook5q@devhub.com,Male,148.250.93.235
208,Lawrence,Mitchell,lmitchell5r@msn.com,Male,107.158.214.99
209,Julia,Mitchell,jmitchell5s@diigo.com,Female,173.197.7.14
210,Samuel,Washington,swashington5t@tinyurl.com,Male,152.247.157.147
211,Virginia,Gardner,vgardner5u@chicagotribune.com,Female,23.66.231.30
212,Shirley,Daniels,sdaniels5v@google.com.au,Female,155.126.83.69
213,Carol,Porter,cporter5w@myspace.com,Female,204.131.99.112
214,Samuel,Sims,ssims5x@creativecommons.org,Male,23.8.11.68
215,Carlos,Morgan,cmorgan5y@wordpress.com,Male,36.223.117.24
216,Marilyn,Flores,mflores5z@pen.io,Female,172.24.90.132
217,Kathryn,Richardson,krichardson60@smugmug.com,Female,53.32.114.199
218,Joseph,Gardner,jgardner61@is.gd,Male,137.9.112.18
219,Martha,Davis,mdavis62@statcounter.com,Female,229.68.93.243
220,Janice,Torres,jtorres63@nbcnews.com,Female,178.246.106.207
221,Jacqueline,Johnson,jjohnson64@redcross.org,Female,103.47.10.19
222,Brian,Jackson,bjackson65@nyu.edu,Male,211.212.161.16
223,Donald,Arnold,darnold66@ft.com,Male,108.176.0.115
224,Phyllis,Shaw,pshaw67@gov.uk,Female,111.133.189.105
225,Wayne,Snyder,wsnyder68@imdb.com,Male,189.106.20.212
226,Deborah,Stewart,dstewart69@craigslist.org,Female,219.136.196.128
227,Kathleen,Reyes,kreyes6a@ebay.co.uk,Female,184.75.232.31
228,Beverly,Robertson,brobertson6b@columbia.edu,Female,241.193.209.229
229,Kevin,Martinez,kmartinez6c@hhs.gov,Male,14.254.222.159
230,Debra,Miller,dmiller6d@posterous.com,Female,158.109.129.216
231,Gregory,Watkins,gwatkins6e@unblog.fr,Male,106.85.251.25
232,Christina,Fields,cfields6f@rambler.ru,Female,248.228.170.207
233,Mildred,Jenkins,mjenkins6g@senate.gov,Female,163.120.66.152
234,Jeffrey,Garrett,jgarrett6h@cbsnews.com,Male,73.225.141.196
235,Marilyn,Gray,mgray6i@baidu.com,Female,9.17.161.59
236,Lisa,Coleman,lcoleman6j@bluehost.com,Female,74.5.3.250
237,Henry,Bradley,hbradley6k@walmart.com,Male,96.76.97.227
238,Dennis,Jordan,djordan6l@g.co,Male,169.123.63.8
239,Philip,Pierce,ppierce6m@archive.org,Male,47.82.92.96
240,Susan,Holmes,sholmes6n@google.com,Female,103.19.128.45
241,Melissa,Carr,mcarr6o@telegraph.co.uk,Female,166.240.247.139
242,Diana,Freeman,dfreeman6p@unblog.fr,Female,143.115.228.185
243,Harold,Warren,hwarren6q@zimbio.com,Male,158.207.93.136
244,Daniel,Larson,dlarson6r@lycos.com,Male,235.64.100.138
245,Gary,Patterson,gpatterson6s@gmpg.org,Male,138.190.175.234
246,Stephanie,Smith,ssmith6t@sbwire.com,Female,238.35.230.176
247,Emily,Roberts,eroberts6u@networkadvertising.org,Female,227.19.105.9
248,James,Johnston,jjohnston6v@drupal.org,Male,244.173.228.232
249,Raymond,Elliott,relliott6w@webs.com,Male,84.70.214.101
250,Samuel,Thompson,sthompson6x@tripadvisor.com,Male,98.68.86.163
251,Sandra,Alexander,salexander6y@ft.com,Female,100.206.109.80
252,Patricia,Martinez,pmartinez6z@hao123.com,Female,167.177.72.89
253,Raymond,Williams,rwilliams70@phoca.cz,Male,45.96.172.54
254,Heather,Romero,hromero71@google.co.uk,Female,116.117.98.214
255,Antonio,Smith,asmith72@amazonaws.com,Male,56.63.214.122
256,Janice,Smith,jsmith73@epa.gov,Female,208.135.251.78
257,Russell,Ellis,rellis74@bbc.co.uk,Male,241.100.192.225
258,Sara,Watson,swatson75@nih.gov,Female,26.171.110.94
259,Janet,Taylor,jtaylor76@howstuffworks.com,Female,183.137.179.25
260,Sandra,Sims,ssims77@soup.io,Female,109.210.119.151
261,Bobby,Oliver,boliver78@opensource.org,Male,87.238.10.86
262,David,Lee,dlee79@time.com,Male,250.122.226.155
263,Anna,Martin,amartin7a@newyorker.com,Female,123.43.138.181
264,Earl,Reyes,ereyes7b@posterous.com,Male,125.239.31.83
265,Jessica,Scott,jscott7c@spiegel.de,Female,123.89.93.183
266,Beverly,Robertson,brobertson7d@multiply.com,Female,55.195.161.182
267,Alan,Gonzales,agonzales7e@blinklist.com,Male,49.90.115.215
268,Lisa,Edwards,ledwards7f@ucla.edu,Female,57.210.250.141
269,Maria,Evans,mevans7g@odnoklassniki.ru,Female,41.171.63.25
270,Joyce,Evans,jevans7h@mlb.com,Female,33.222.177.108
271,Ruth,Mason,rmason7i@europa.eu,Female,111.149.16.200
272,Sean,Lynch,slynch7j@huffingtonpost.com,Male,140.123.199.145
273,Carol,Andrews,candrews7k@marriott.com,Female,6.87.129.153
274,Eric,Walker,ewalker7l@statcounter.com,Male,18.250.159.141
275,Nancy,Lopez,nlopez7m@nasa.gov,Female,198.213.233.48
276,Irene,Rivera,irivera7n@bigcartel.com,Female,152.147.153.184
277,Louis,Webb,lwebb7o@naver.com,Male,90.217.220.3
278,Catherine,Greene,cgreene7p@123-reg.co.uk,Female,46.120.149.121
279,George,James,gjames7q@harvard.edu,Male,135.130.135.184
280,Anne,Perry,aperry7r@dropbox.com,Female,226.226.108.106
281,Wanda,Chapman,wchapman7s@mac.com,Female,70.84.254.191
282,Jean,Perry,jperry7t@people.com.cn,Female,114.184.179.51
283,Emily,Mendoza,emendoza7u@japanpost.jp,Female,241.154.153.207
284,Gary,Weaver,gweaver7v@businessinsider.com,Male,77.99.180.121
285,Ann,Meyer,ameyer7w@stumbleupon.com,Female,192.50.151.34
286,Kelly,Young,kyoung7x@abc.net.au,Female,133.225.35.236
287,Cheryl,Peterson,cpeterson7y@altervista.org,Female,68.27.36.11
288,Anne,Carroll,acarroll7z@hugedomains.com,Female,205.244.7.161
289,Janice,Lawson,jlawson80@kickstarter.com,Female,99.117.45.230
290,Emily,Martin,emartin81@blinklist.com,Female,101.160.122.173
291,John,Reid,jreid82@washingtonpost.com,Male,10.253.61.42
292,Christopher,Harper,charper83@feedburner.com,Male,76.172.192.199
293,Jason,Spencer,jspencer84@geocities.com,Male,12.18.32.14
294,Robin,Banks,rbanks85@pinterest.com,Female,17.169.91.98
295,Denise,Tucker,dtucker86@who.int,Female,107.137.186.24
296,Brian,Sanchez,bsanchez87@macromedia.com,Male,9.51.190.15
297,Daniel,Perez,dperez88@360.cn,Male,209.248.182.53
298,Maria,Brown,mbrown89@cloudflare.com,Female,132.200.182.188
299,Shawn,Larson,slarson8a@last.fm,Male,143.51.131.107
300,Carl,Garcia,cgarcia8b@disqus.com,Male,33.202.73.2
301,Marilyn,Day,mday8c@sbwire.com,Female,112.55.183.193
302,Jessica,Peters,jpeters8d@vinaora.com,Female,205.26.38.239
303,Phillip,Bishop,pbishop8e@bloglovin.com,Male,241.61.79.131
304,Debra,Ross,dross8f@ehow.com,Female,174.135.97.135
305,Antonio,Marshall,amarshall8g@meetup.com,Male,104.226.58.251
306,Scott,Butler,sbutler8h@forbes.com,Male,72.43.93.120
307,Robert,Rose,rrose8i@jiathis.com,Male,243.19.111.95
308,Shawn,Young,syoung8j@tmall.com,Male,185.93.75.170
309,Cynthia,Alexander,calexander8k@over-blog.com,Female,7.237.50.77
310,Jimmy,Hunter,jhunter8l@newsvine.com,Male,137.200.76.38
311,Timothy,Thomas,tthomas8m@github.com,Male,22.23.196.136
312,Walter,Butler,wbutler8n@cbc.ca,Male,59.135.2.64
313,Ashley,Watson,awatson8o@weibo.com,Female,126.118.199.99
314,Gloria,Jacobs,gjacobs8p@1688.com,Female,91.153.20.174
315,Ruby,Murray,rmurray8q@pcworld.com,Female,98.119.145.187
316,Tammy,Rogers,trogers8r@webeden.co.uk,Female,4.136.6.167
317,Kathryn,Sanders,ksanders8s@virginia.edu,Female,13.248.96.105
318,Kevin,Lawson,klawson8t@blinklist.com,Male,189.103.128.210
319,Diana,Price,dprice8u@miitbeian.gov.cn,Female,80.20.157.195
320,Albert,Peters,apeters8v@psu.edu,Male,247.174.170.205
321,Keith,Gutierrez,kgutierrez8w@sina.com.cn,Male,70.24.134.222
322,Juan,Castillo,jcastillo8x@dmoz.org,Male,167.107.97.43
323,Christina,Torres,ctorres8y@ask.com,Female,82.114.210.168
324,Brian,West,bwest8z@so-net.ne.jp,Male,195.35.255.202
325,Judy,Hanson,jhanson90@noaa.gov,Female,98.236.205.51
326,Mary,Cruz,mcruz91@hubpages.com,Female,138.51.162.157
327,Carl,Hamilton,chamilton92@pen.io,Male,88.99.93.250
328,Justin,Butler,jbutler93@umich.edu,Male,110.162.233.54
329,Larry,Flores,lflores94@tuttocitta.it,Male,247.203.187.107
330,Christine,Wallace,cwallace95@google.com.au,Female,45.243.99.133
331,Timothy,Mendoza,tmendoza96@biblegateway.com,Male,4.124.120.90
332,Todd,Larson,tlarson97@msu.edu,Male,222.69.204.158
333,Timothy,Watkins,twatkins98@cocolog-nifty.com,Male,22.114.232.190
334,Anne,Andrews,aandrews99@tripod.com,Female,155.219.220.100
335,Dennis,Ortiz,dortiz9a@instagram.com,Male,136.239.159.211
336,Lois,Morris,lmorris9b@people.com.cn,Female,252.230.87.132
337,Linda,Gonzales,lgonzales9c@oakley.com,Female,52.35.117.131
338,Beverly,Bishop,bbishop9d@businessweek.com,Female,233.241.198.138
339,Anna,Warren,awarren9e@webs.com,Female,233.109.232.56
340,Mary,Carter,mcarter9f@usa.gov,Female,16.40.40.51
341,Albert,Shaw,ashaw9g@hc360.com,Male,170.143.137.247
342,Jessica,West,jwest9h@vk.com,Female,94.126.145.53
343,Jimmy,Henderson,jhenderson9i@dailymotion.com,Male,12.62.140.195
344,Rachel,Woods,rwoods9j@xing.com,Female,139.139.232.159
345,Wanda,Johnson,wjohnson9k@howstuffworks.com,Female,226.100.32.116
346,Nicole,Boyd,nboyd9l@youku.com,Female,41.184.214.201
347,John,Miller,jmiller9m@salon.com,Male,128.129.214.89
348,Ryan,Morales,rmorales9n@wp.com,Male,187.253.188.184
349,William,Moore,wmoore9o@purevolume.com,Male,29.205.129.115
350,Jesse,Reid,jreid9p@ask.com,Male,117.140.217.26
351,Nicole,Snyder,nsnyder9q@jimdo.com,Female,51.197.230.224
352,Sean,Garza,sgarza9r@latimes.com,Male,77.18.84.62
353,Johnny,Jordan,jjordan9s@squidoo.com,Male,212.63.141.230
354,Benjamin,Jordan,bjordan9t@buzzfeed.com,Male,236.187.239.110
355,Victor,Price,vprice9u@admin.ch,Male,250.194.219.159
356,Teresa,Simpson,tsimpson9v@about.com,Female,144.250.180.189
357,Doris,Jenkins,djenkins9w@tmall.com,Female,204.139.229.226
358,Walter,Black,wblack9x@intel.com,Male,10.131.144.81
359,Andrea,Ford,aford9y@java.com,Female,212.14.147.67
360,Christina,Alexander,calexander9z@jalbum.net,Female,71.166.254.218
361,William,Coleman,wcolemana0@bloglines.com,Male,236.42.246.88
362,Sean,Freeman,sfreemana1@delicious.com,Male,20.200.171.221
363,Nancy,Reynolds,nreynoldsa2@gov.uk,Female,160.247.171.171
364,Elizabeth,Ramos,eramosa3@squidoo.com,Female,228.125.143.159
365,Shawn,Jenkins,sjenkinsa4@google.ru,Male,64.127.249.199
366,Margaret,Thomas,mthomasa5@lulu.com,Female,161.108.215.185
367,Dorothy,Walker,dwalkera6@bloglovin.com,Female,214.99.171.53
368,Mildred,Mason,mmasona7@w3.org,Female,246.40.53.108
369,Maria,Jordan,mjordana8@smh.com.au,Female,214.91.152.239
370,Diana,Turner,dturnera9@paypal.com,Female,9.146.110.138
371,Judith,Clark,jclarkaa@gov.uk,Female,199.69.233.254
372,Mark,Freeman,mfreemanab@vimeo.com,Male,21.81.143.78
373,Fred,Collins,fcollinsac@newsvine.com,Male,121.193.15.63
374,Anthony,Romero,aromeroad@bravesites.com,Male,241.48.53.132
375,Mary,Wheeler,mwheelerae@ameblo.jp,Female,128.209.205.253
376,Gloria,Hudson,ghudsonaf@e-recht24.de,Female,7.244.59.191
377,Melissa,Lopez,mlopezag@ibm.com,Female,240.42.91.194
378,Justin,Henderson,jhendersonah@webeden.co.uk,Male,105.111.89.20
379,Robert,Dean,rdeanai@digg.com,Male,97.144.93.139
380,Joseph,Davis,jdavisaj@guardian.co.uk,Male,78.176.242.221
381,Cynthia,Gutierrez,cgutierrezak@uiuc.edu,Female,44.143.195.191
382,Joan,West,jwestal@facebook.com,Female,147.66.204.56
383,Jose,Hunt,jhuntam@symantec.com,Male,165.13.207.123
384,Pamela,Burton,pburtonan@rakuten.co.jp,Female,14.154.230.189
385,Russell,Carpenter,rcarpenterao@nymag.com,Male,123.97.231.242
386,Rachel,Hamilton,rhamiltonap@com.com,Female,189.212.19.204
387,Jose,Andrews,jandrewsaq@auda.org.au,Male,107.61.19.118
388,Chris,Banks,cbanksar@arstechnica.com,Male,24.111.173.169
389,Judith,Brown,jbrownas@bluehost.com,Female,97.239.166.11
390,Tammy,Wagner,twagnerat@tamu.edu,Female,122.85.202.80
391,Alice,Nelson,anelsonau@stanford.edu,Female,72.138.241.5
392,Teresa,Simmons,tsimmonsav@scientificamerican.com,Female,242.122.29.243
393,Rebecca,Sanchez,rsanchezaw@paypal.com,Female,231.250.116.205
394,Nicole,Murphy,nmurphyax@sitemeter.com,Female,135.19.113.27
395,Juan,Berry,jberryay@apache.org,Male,255.129.44.25
396,Raymond,Hanson,rhansonaz@infoseek.co.jp,Male,11.146.211.156
397,Anne,Washington,awashingtonb0@hubpages.com,Female,219.199.91.89
398,Donna,Nelson,dnelsonb1@smugmug.com,Female,86.196.11.202
399,Benjamin,Moore,bmooreb2@goo.ne.jp,Male,53.239.148.16
400,Frank,Banks,fbanksb3@bluehost.com,Male,44.123.15.87
401,Jose,Hart,jhartb4@discuz.net,Male,163.247.161.8
402,Jane,Gibson,jgibsonb5@freewebs.com,Female,200.112.115.216
403,Brian,Roberts,brobertsb6@forbes.com,Male,207.207.37.199
404,Edward,Mason,emasonb7@rambler.ru,Male,84.220.137.247
405,Anne,Hunter,ahunterb8@joomla.org,Female,150.63.88.25
406,Irene,Griffin,igriffinb9@zdnet.com,Female,180.133.136.153
407,Beverly,Hudson,bhudsonba@state.gov,Female,124.148.210.108
408,Angela,Flores,afloresbb@cisco.com,Female,15.50.249.29
409,William,Green,wgreenbc@bigcartel.com,Male,1.110.58.57
410,Aaron,James,ajamesbd@wordpress.com,Male,210.138.4.84
411,Norma,Day,ndaybe@webmd.com,Female,118.0.226.244
412,Theresa,Hunt,thuntbf@miibeian.gov.cn,Female,162.199.66.109
413,Julie,Harper,jharperbg@lulu.com,Female,249.174.82.48
414,Anna,Castillo,acastillobh@elpais.com,Female,124.170.170.158
415,Christopher,Hernandez,chernandezbi@yelp.com,Male,7.191.181.16
416,Sharon,Perry,sperrybj@guardian.co.uk,Female,31.249.54.14
417,Terry,Spencer,tspencerbk@howstuffworks.com,Male,142.58.37.216
418,Maria,Lawrence,mlawrencebl@wordpress.com,Female,89.200.146.39
419,Julia,Perkins,jperkinsbm@army.mil,Female,82.90.81.192
420,Diane,Ramos,dramosbn@fotki.com,Female,48.91.103.117
421,Howard,Wright,hwrightbo@state.gov,Male,185.21.93.242
422,Lori,Shaw,lshawbp@shinystat.com,Female,166.13.8.110
423,Jane,Mcdonald,jmcdonaldbq@sciencedirect.com,Female,18.113.119.236
424,Melissa,Mccoy,mmccoybr@biblegateway.com,Female,54.38.229.124
425,Judy,Edwards,jedwardsbs@nydailynews.com,Female,154.43.253.101
426,Stephen,Mcdonald,smcdonaldbt@utexas.edu,Male,250.116.155.25
427,Mark,Mccoy,mmccoybu@shutterfly.com,Male,249.217.28.212
428,Jacqueline,Ford,jfordbv@apache.org,Female,219.209.130.218
429,Diane,Schmidt,dschmidtbw@artisteer.com,Female,113.222.195.218
430,Joshua,Carr,jcarrbx@paginegialle.it,Male,122.84.72.248
431,Patrick,Castillo,pcastilloby@cam.ac.uk,Male,19.35.35.147
432,Bruce,Phillips,bphillipsbz@marketwatch.com,Male,233.191.70.77
433,Mildred,Marshall,mmarshallc0@paypal.com,Female,128.110.72.189
434,Christine,Cole,ccolec1@csmonitor.com,Female,234.77.166.150
435,Brenda,Harris,bharrisc2@networksolutions.com,Female,197.3.135.40
436,James,Hayes,jhayesc3@theglobeandmail.com,Male,115.171.100.186
437,Mark,Lawrence,mlawrencec4@geocities.jp,Male,159.45.117.7
438,Maria,Weaver,mweaverc5@princeton.edu,Female,194.120.216.131
439,Annie,Knight,aknightc6@nsw.gov.au,Female,187.54.77.161
440,Brandon,Mason,bmasonc7@salon.com,Male,38.149.133.254
441,Kathy,Mendoza,kmendozac8@clickbank.net,Female,95.178.67.178
442,Judy,Green,jgreenc9@wikia.com,Female,141.37.180.225
443,Maria,Dunn,mdunnca@topsy.com,Female,69.180.149.245
444,Mary,Lee,mleecb@blogs.com,Female,223.16.88.24
445,Terry,Morrison,tmorrisoncc@a8.net,Male,57.67.61.253
446,Jennifer,Banks,jbankscd@tumblr.com,Female,85.104.96.224
447,Margaret,Shaw,mshawce@angelfire.com,Female,50.208.76.124
448,Mildred,Carter,mcartercf@dion.ne.jp,Female,132.108.133.209
449,Teresa,West,twestcg@a8.net,Female,44.225.63.160
450,Harry,Ruiz,hruizch@chicagotribune.com,Male,80.70.143.184
451,Raymond,Matthews,rmatthewsci@squidoo.com,Male,41.4.119.210
452,Paul,Sims,psimscj@instagram.com,Male,209.152.253.41
453,Christina,Stevens,cstevensck@google.ca,Female,240.100.35.36
454,Sarah,Jackson,sjacksoncl@ycombinator.com,Female,93.48.199.17
455,Virginia,Franklin,vfranklincm@ocn.ne.jp,Female,141.93.145.44
456,Ralph,Black,rblackcn@blogtalkradio.com,Male,51.182.138.218
457,Donna,Gonzales,dgonzalesco@uol.com.br,Female,178.146.96.82
458,Craig,Harper,charpercp@hud.gov,Male,208.88.70.70
459,Jason,Scott,jscottcq@senate.gov,Male,172.30.208.141
460,Beverly,Ramirez,bramirezcr@elpais.com,Female,26.142.110.237
461,Michael,Russell,mrussellcs@tuttocitta.it,Male,37.173.172.240
462,Donna,Schmidt,dschmidtct@tinyurl.com,Female,4.67.34.106
463,Clarence,Sanders,csanderscu@qq.com,Male,250.184.149.245
464,Jacqueline,Parker,jparkercv@timesonline.co.uk,Female,12.195.110.162
465,Earl,Kennedy,ekennedycw@patch.com,Male,193.121.17.247
466,David,Porter,dportercx@smugmug.com,Male,189.141.9.21
467,Brenda,Ferguson,bfergusoncy@mozilla.org,Female,14.162.156.231
468,Anne,Mendoza,amendozacz@java.com,Female,150.72.107.203
469,Katherine,Jones,kjonesd0@mlb.com,Female,223.7.191.240
470,Adam,Hanson,ahansond1@google.cn,Male,90.47.99.170
471,Eugene,Fox,efoxd2@weather.com,Male,64.99.65.215
472,Mildred,Snyder,msnyderd3@networkadvertising.org,Female,99.1.66.73
473,Donald,Fox,dfoxd4@samsung.com,Male,16.206.235.176
474,Steven,Fuller,sfullerd5@histats.com,Male,78.39.171.154
475,Harry,Castillo,hcastillod6@gov.uk,Male,254.174.253.69
476,Keith,Dixon,kdixond7@vimeo.com,Male,80.147.212.37
477,Robin,Hunter,rhunterd8@sohu.com,Female,21.57.205.248
478,Angela,Kelley,akelleyd9@ovh.net,Female,233.101.196.170
479,Charles,Gray,cgrayda@reuters.com,Male,20.236.157.55
480,Jack,Wood,jwooddb@opensource.org,Male,132.7.137.31
481,Daniel,Hamilton,dhamiltondc@ameblo.jp,Male,63.70.81.71
482,Amy,Holmes,aholmesdd@cdbaby.com,Female,247.101.137.83
483,Jeremy,Cole,jcolede@cloudflare.com,Male,125.67.146.184
484,Antonio,Jordan,ajordandf@sohu.com,Male,177.37.59.26
485,Steve,Davis,sdavisdg@canalblog.com,Male,100.253.108.19
486,Adam,Payne,apaynedh@hubpages.com,Male,43.14.172.65
487,Rachel,Arnold,rarnolddi@dion.ne.jp,Female,227.87.139.3
488,Patricia,Vasquez,pvasquezdj@pagesperso-orange.fr,Female,252.16.13.160
489,Gary,Coleman,gcolemandk@toplist.cz,Male,136.106.174.231
490,Ashley,Green,agreendl@cdc.gov,Female,50.9.17.212
491,Sarah,Nguyen,snguyendm@blogs.com,Female,31.239.115.92
492,Annie,Robinson,arobinsondn@slashdot.org,Female,246.88.54.147
493,Amy,Watkins,awatkinsdo@trellian.com,Female,94.23.221.189
494,Julie,Fuller,jfullerdp@ihg.com,Female,29.70.120.63
495,Irene,Rogers,irogersdq@dropbox.com,Female,217.151.0.181
496,Jessica,Jordan,jjordandr@cpanel.net,Female,113.35.248.254
497,Adam,Gomez,agomezds@unicef.org,Male,149.175.119.116
498,Kelly,Franklin,kfranklindt@github.com,Female,181.117.16.110
499,Virginia,Perez,vperezdu@indiegogo.com,Female,28.139.99.178
500,Gerald,Bishop,gbishopdv@feedburner.com,Male,35.1.38.52
501,Paula,Perkins,pperkinsdw@dyndns.org,Female,143.69.63.103
502,Earl,Peters,epetersdx@behance.net,Male,189.70.28.97
503,Raymond,King,rkingdy@moonfruit.com,Male,146.81.41.220
504,Bonnie,Harrison,bharrisondz@imageshack.us,Female,10.144.175.212
505,Marilyn,Mills,mmillse0@over-blog.com,Female,203.98.169.59
506,Christina,Williamson,cwilliamsone1@freewebs.com,Female,78.213.72.200
507,Russell,Cox,rcoxe2@photobucket.com,Male,25.111.184.211
508,Wayne,Carter,wcartere3@sfgate.com,Male,130.169.211.67
509,Brian,Henderson,bhendersone4@webs.com,Male,158.147.222.254
510,Gregory,Bailey,gbaileye5@guardian.co.uk,Male,43.42.144.10
511,Emily,George,egeorgee6@archive.org,Female,53.107.244.197
512,Cheryl,Morgan,cmorgane7@microsoft.com,Female,190.35.210.56
513,Phyllis,Shaw,pshawe8@comsenz.com,Female,195.210.59.101
514,Bruce,Stone,bstonee9@cmu.edu,Male,152.208.138.132
515,Dorothy,Barnes,dbarnesea@globo.com,Female,127.251.23.132
516,Shawn,Marshall,smarshalleb@slashdot.org,Male,191.128.225.192
517,Brenda,Gray,bgrayec@youku.com,Female,71.114.137.96
518,John,Andrews,jandrewsed@i2i.jp,Male,15.221.142.174
519,Stephanie,Dean,sdeanee@sitemeter.com,Female,91.49.218.57
520,Louis,Baker,lbakeref@goo.ne.jp,Male,132.56.75.160
521,Roy,Mitchell,rmitchelleg@google.ca,Male,16.5.178.34
522,Gloria,Chavez,gchavezeh@wordpress.org,Female,198.174.236.18
523,Frances,Stone,fstoneei@4shared.com,Female,83.102.127.231
524,George,Hudson,ghudsonej@people.com.cn,Male,147.251.204.140
525,Louise,Lawrence,llawrenceek@tuttocitta.it,Female,31.142.23.31
526,Carol,Lee,cleeel@cbslocal.com,Female,62.5.89.147
527,Chris,Alvarez,calvarezem@barnesandnoble.com,Male,169.223.137.15
528,Eric,Collins,ecollinsen@hao123.com,Male,110.8.207.3
529,Howard,Berry,hberryeo@wufoo.com,Male,54.228.209.224
530,Paula,Cooper,pcooperep@accuweather.com,Female,242.151.95.205
531,Brenda,Mendoza,bmendozaeq@tiny.cc,Female,90.225.190.32
532,Phyllis,Murphy,pmurphyer@yahoo.com,Female,232.229.59.217
533,Michael,Sims,msimses@ask.com,Male,97.218.140.190
534,Marilyn,Welch,mwelchet@de.vu,Female,241.71.32.172
535,Billy,Ray,brayeu@yelp.com,Male,101.58.236.104
536,Paula,Jones,pjonesev@1und1.de,Female,116.228.60.25
537,Melissa,Wilson,mwilsonew@amazon.de,Female,121.178.237.18
538,Shirley,Rice,sriceex@fda.gov,Female,103.111.188.34
539,Lois,Snyder,lsnyderey@rediff.com,Female,203.151.82.186
540,Louise,West,lwestez@bbb.org,Female,13.15.218.87
541,Mark,Rivera,mriveraf0@dailymail.co.uk,Male,191.159.191.137
542,Nicholas,Hawkins,nhawkinsf1@tmall.com,Male,149.246.27.241
543,Jane,Webb,jwebbf2@technorati.com,Female,142.241.115.177
544,Jason,Frazier,jfrazierf3@examiner.com,Male,23.96.225.51
545,Annie,Stanley,astanleyf4@miibeian.gov.cn,Female,44.73.65.82
546,Philip,Gilbert,pgilbertf5@cargocollective.com,Male,154.155.209.7
547,Carl,Ward,cwardf6@phoca.cz,Male,82.185.72.245
548,Martin,Simpson,msimpsonf7@redcross.org,Male,1.153.236.53
549,Lori,Tucker,ltuckerf8@ask.com,Female,81.95.117.33
550,Steven,Murphy,smurphyf9@weather.com,Male,38.5.92.217
551,Andrew,Burton,aburtonfa@blinklist.com,Male,196.120.209.38
552,Martha,Marshall,mmarshallfb@npr.org,Female,2.95.143.186
553,Shirley,Elliott,selliottfc@tinypic.com,Female,207.55.249.165
554,Betty,Lewis,blewisfd@reddit.com,Female,128.55.220.218
555,Richard,Butler,rbutlerfe@yolasite.com,Male,233.17.24.0
556,Shirley,Fisher,sfisherff@virginia.edu,Female,227.103.240.112
557,Craig,Flores,cfloresfg@facebook.com,Male,40.11.171.60
558,Robin,Allen,rallenfh@hexun.com,Female,79.152.233.90
559,Christine,Fernandez,cfernandezfi@dyndns.org,Female,185.99.40.217
560,Joe,Morales,jmoralesfj@sohu.com,Male,132.134.17.135
561,Steven,Brown,sbrownfk@cdbaby.com,Male,120.192.174.28
562,Emily,Foster,efosterfl@is.gd,Female,80.14.27.143
563,Kevin,Rice,kricefm@yolasite.com,Male,203.130.127.54
564,Margaret,Smith,msmithfn@cbc.ca,Female,62.179.194.181
565,Annie,Weaver,aweaverfo@sphinn.com,Female,116.20.8.63
566,Ernest,Harrison,eharrisonfp@whitehouse.gov,Male,81.13.208.61
567,Brian,Powell,bpowellfq@edublogs.org,Male,101.77.69.81
568,Denise,Burns,dburnsfr@nymag.com,Female,174.60.140.228
569,Albert,James,ajamesfs@amazon.com,Male,122.184.66.29
570,Katherine,Ramirez,kramirezft@about.me,Female,199.199.147.79
571,Sara,Armstrong,sarmstrongfu@prweb.com,Female,21.172.13.15
572,Sharon,Wilson,swilsonfv@chronoengine.com,Female,24.195.141.126
573,Michael,Gilbert,mgilbertfw@digg.com,Male,20.138.26.99
574,John,Webb,jwebbfx@feedburner.com,Male,142.70.115.104
575,Doris,Wells,dwellsfy@ucoz.ru,Female,23.32.25.109
576,Catherine,Romero,cromerofz@cnet.com,Female,1.209.100.82
577,Frances,Vasquez,fvasquezg0@wikipedia.org,Female,11.212.188.85
578,Jack,Duncan,jduncang1@flavors.me,Male,144.121.235.31
579,Maria,Carter,mcarterg2@lycos.com,Female,248.228.87.194
580,Denise,Cole,dcoleg3@sfgate.com,Female,11.81.28.3
581,Norma,Parker,nparkerg4@columbia.edu,Female,78.203.118.233
582,Ralph,Hart,rhartg5@cyberchimps.com,Male,137.210.115.106
583,Scott,Hart,shartg6@china.com.cn,Male,141.30.134.144
584,Gerald,Ford,gfordg7@t-online.de,Male,62.21.104.141
585,Brenda,Smith,bsmithg8@usgs.gov,Female,130.50.252.116
586,Stephen,Henry,shenryg9@360.cn,Male,132.173.152.234
587,Angela,Nguyen,anguyenga@freewebs.com,Female,81.162.51.144
588,Frank,Burns,fburnsgb@state.gov,Male,237.150.237.74
589,Billy,Jackson,bjacksongc@wikimedia.org,Male,117.46.56.101
590,Donald,Parker,dparkergd@wsj.com,Male,162.170.21.62
591,Lois,Weaver,lweaverge@nationalgeographic.com,Female,204.96.230.73
592,Diana,Rodriguez,drodriguezgf@bluehost.com,Female,115.208.18.104
593,Brian,Burke,bburkegg@parallels.com,Male,171.222.182.116
594,Timothy,Cook,tcookgh@deliciousdays.com,Male,38.148.10.36
595,Joyce,Jacobs,jjacobsgi@jugem.jp,Female,101.137.123.94
596,Phillip,Mitchell,pmitchellgj@diigo.com,Male,136.43.53.251
597,Jane,Graham,jgrahamgk@gnu.org,Female,209.68.88.211
598,Ronald,Carr,rcarrgl@ustream.tv,Male,26.57.211.179
599,Janet,Pierce,jpiercegm@cocolog-nifty.com,Female,14.233.188.241
600,Howard,Bailey,hbaileygn@ameblo.jp,Male,60.180.22.92
601,Theresa,Peters,tpetersgo@infoseek.co.jp,Female,196.226.204.220
602,Amanda,Walker,awalkergp@marketwatch.com,Female,31.196.239.189
603,Jose,Carr,jcarrgq@i2i.jp,Male,46.239.208.198
604,Emily,Dixon,edixongr@creativecommons.org,Female,247.131.117.92
605,Ernest,Carr,ecarrgs@wikimedia.org,Male,8.160.232.191
606,Shawn,Fox,sfoxgt@washington.edu,Male,211.19.22.156
607,Ann,Hernandez,ahernandezgu@printfriendly.com,Female,31.181.163.12
608,Nicole,Wheeler,nwheelergv@fotki.com,Female,114.44.49.44
609,Walter,Ellis,wellisgw@ameblo.jp,Male,253.179.224.152
610,Edward,Weaver,eweavergx@flavors.me,Male,57.39.220.240
611,Christopher,Payne,cpaynegy@instagram.com,Male,168.63.76.21
612,Billy,Lane,blanegz@constantcontact.com,Male,174.197.185.51
613,Carlos,Hawkins,chawkinsh0@sciencedaily.com,Male,197.86.92.39
614,Heather,Wood,hwoodh1@shareasale.com,Female,146.158.21.130
615,Timothy,Foster,tfosterh2@github.com,Male,19.180.10.21
616,Amanda,Cook,acookh3@behance.net,Female,15.187.47.179
617,Tina,Vasquez,tvasquezh4@noaa.gov,Female,142.6.21.205
618,Robin,Henderson,rhendersonh5@shutterfly.com,Female,176.64.205.202
619,Lawrence,Fuller,lfullerh6@trellian.com,Male,233.137.226.172
620,Barbara,Alexander,balexanderh7@amazon.co.jp,Female,174.131.245.189
621,Lillian,Cole,lcoleh8@freewebs.com,Female,153.227.76.92
622,Samuel,Sullivan,ssullivanh9@twitter.com,Male,143.89.224.85
623,Keith,Gray,kgrayha@census.gov,Male,167.252.216.152
624,Nicholas,Cox,ncoxhb@sphinn.com,Male,79.148.169.86
625,Johnny,Watkins,jwatkinshc@naver.com,Male,133.194.199.13
626,Roger,Lynch,rlynchhd@geocities.jp,Male,146.183.171.101
627,Howard,Henry,hhenryhe@uol.com.br,Male,134.217.154.218
628,Andrea,Garcia,agarciahf@sogou.com,Female,121.176.218.207
629,Beverly,Robinson,brobinsonhg@storify.com,Female,13.97.80.141
630,Lois,Robertson,lrobertsonhh@lulu.com,Female,225.61.141.111
631,Roy,Perry,rperryhi@imgur.com,Male,171.209.189.83
632,Mary,Schmidt,mschmidthj@google.nl,Female,74.207.152.140
633,Jeffrey,Riley,jrileyhk@hc360.com,Male,247.78.161.186
634,Louis,Bennett,lbennetthl@mit.edu,Male,245.69.106.24
635,David,Hicks,dhickshm@ibm.com,Male,44.97.177.147
636,Carolyn,Payne,cpaynehn@github.io,Female,43.145.241.194
637,Evelyn,Sanders,esandersho@slashdot.org,Female,6.204.212.80
638,Sean,Riley,srileyhp@last.fm,Male,210.132.115.6
639,Larry,Wagner,lwagnerhq@cdc.gov,Male,159.85.252.206
640,Catherine,Miller,cmillerhr@behance.net,Female,231.124.33.195
641,Phillip,Ramos,pramoshs@dedecms.com,Male,49.93.127.170
642,Karen,Spencer,kspencerht@intel.com,Female,251.188.160.50
643,Carl,Williams,cwilliamshu@kickstarter.com,Male,148.77.161.40
644,Matthew,Reynolds,mreynoldshv@wordpress.org,Male,141.210.196.236
645,Kathy,Burton,kburtonhw@pinterest.com,Female,61.128.132.250
646,Barbara,Myers,bmyershx@accuweather.com,Female,83.164.187.210
647,Russell,Myers,rmyershy@bloomberg.com,Male,247.97.21.194
648,Sara,Jordan,sjordanhz@sun.com,Female,27.177.198.84
649,Wayne,Ferguson,wfergusoni0@myspace.com,Male,92.38.47.40
650,Diana,Powell,dpowelli1@gov.uk,Female,157.89.155.190
651,Earl,Young,eyoungi2@narod.ru,Male,171.36.184.2
652,Carol,Romero,cromeroi3@mit.edu,Female,100.239.109.21
653,Jessica,Berry,jberryi4@flickr.com,Female,222.110.176.123
654,Janet,Smith,jsmithi5@taobao.com,Female,204.68.61.55
655,Mary,Patterson,mpattersoni6@unesco.org,Female,162.136.150.191
656,Rachel,Robinson,rrobinsoni7@washingtonpost.com,Female,53.97.18.72
657,Walter,Mendoza,wmendozai8@bluehost.com,Male,205.165.164.222
658,Julia,Murray,jmurrayi9@instagram.com,Female,200.132.224.108
659,Eugene,Wheeler,ewheeleria@plala.or.jp,Male,224.58.106.225
660,Martha,Cox,mcoxib@list-manage.com,Female,164.126.33.237
661,Jessica,Stevens,jstevensic@bandcamp.com,Female,192.10.145.158
662,Jeffrey,Ruiz,jruizid@free.fr,Male,176.117.117.29
663,Gary,Ross,grossie@seesaa.net,Male,201.187.220.12
664,Roger,Sullivan,rsullivanif@purevolume.com,Male,165.242.131.179
665,Betty,Harris,bharrisig@yellowbook.com,Female,126.160.188.225
666,Samuel,Knight,sknightih@dagondesign.com,Male,83.214.68.108
667,Brenda,Riley,brileyii@icio.us,Female,226.7.36.96
668,Albert,Dean,adeanij@globo.com,Male,179.33.143.65
669,Jimmy,Butler,jbutlerik@intel.com,Male,168.238.111.141
670,Jennifer,Wright,jwrightil@e-recht24.de,Female,91.25.130.182
671,Jessica,Lawson,jlawsonim@cisco.com,Female,230.177.198.146
672,Jeffrey,Davis,jdavisin@themeforest.net,Male,139.232.181.98
673,Amy,Oliver,aoliverio@list-manage.com,Female,146.48.34.60
674,Lori,Spencer,lspencerip@de.vu,Female,247.162.87.145
675,Betty,Bowman,bbowmaniq@infoseek.co.jp,Female,143.6.100.122
676,Peter,Willis,pwillisir@unesco.org,Male,195.214.22.46
677,John,Arnold,jarnoldis@mapy.cz,Male,130.167.245.30
678,Craig,Duncan,cduncanit@smugmug.com,Male,5.220.89.186
679,Robin,Harvey,rharveyiu@51.la,Female,96.208.108.13
680,Donna,Howell,dhowelliv@tripadvisor.com,Female,173.117.46.99
681,Joan,Romero,jromeroiw@dropbox.com,Female,60.57.133.88
682,Donna,Watson,dwatsonix@mail.ru,Female,6.215.109.114
683,Maria,Banks,mbanksiy@histats.com,Female,56.52.94.49
684,Donna,West,dwestiz@xing.com,Female,236.52.189.57
685,Louis,Ruiz,lruizj0@java.com,Male,195.149.194.169
686,Ashley,Mcdonald,amcdonaldj1@ed.gov,Female,41.184.25.215
687,Tammy,Gray,tgrayj2@whitehouse.gov,Female,228.211.251.102
688,Martha,Fisher,mfisherj3@columbia.edu,Female,157.126.228.109
689,Raymond,Snyder,rsnyderj4@virginia.edu,Male,204.97.123.236
690,Michelle,Welch,mwelchj5@goodreads.com,Female,94.144.236.176
691,Debra,Evans,devansj6@discovery.com,Female,145.114.80.69
692,Joe,Scott,jscottj7@wufoo.com,Male,247.194.238.121
693,Earl,Rodriguez,erodriguezj8@behance.net,Male,119.27.1.76
694,Diane,Jordan,djordanj9@yandex.ru,Female,212.230.101.220
695,Roy,Mendoza,rmendozaja@creativecommons.org,Male,196.41.189.193
696,Kenneth,Bell,kbelljb@sfgate.com,Male,202.33.78.167
697,Ruth,Sullivan,rsullivanjc@amazon.com,Female,78.101.115.106
698,Carlos,Powell,cpowelljd@geocities.jp,Male,129.84.70.74
699,Jerry,Ray,jrayje@ovh.net,Male,46.105.174.85
700,Adam,Lopez,alopezjf@hao123.com,Male,127.198.202.151
701,Jason,Miller,jmillerjg@twitpic.com,Male,226.170.233.51
702,Bonnie,White,bwhitejh@tinyurl.com,Female,118.228.108.73
703,Linda,Bailey,lbaileyji@bloglines.com,Female,112.102.73.62
704,Joan,Watkins,jwatkinsjj@virginia.edu,Female,7.132.54.95
705,Norma,Romero,nromerojk@t-online.de,Female,21.126.121.63
706,Jessica,Russell,jrusselljl@miibeian.gov.cn,Female,134.47.252.79
707,Thomas,Montgomery,tmontgomeryjm@ftc.gov,Male,208.165.200.163
708,Roy,Schmidt,rschmidtjn@newyorker.com,Male,48.216.95.234
709,Norma,Flores,nfloresjo@acquirethisname.com,Female,209.120.108.224
710,Katherine,Ruiz,kruizjp@youtu.be,Female,136.91.233.40
711,Dorothy,Alvarez,dalvarezjq@delicious.com,Female,249.233.92.29
712,Nancy,Gibson,ngibsonjr@taobao.com,Female,164.222.234.108
713,Eugene,Jordan,ejordanjs@utexas.edu,Male,66.226.42.24
714,Melissa,Torres,mtorresjt@tinypic.com,Female,49.127.86.153
715,James,Burns,jburnsju@sitemeter.com,Male,146.137.231.163
716,Ruby,Ryan,rryanjv@loc.gov,Female,37.124.231.156
717,Carol,Gonzalez,cgonzalezjw@bluehost.com,Female,108.144.121.93
718,Howard,Ray,hrayjx@arizona.edu,Male,8.198.70.229
719,Paul,Roberts,probertsjy@cam.ac.uk,Male,217.90.36.232
720,Angela,Ward,awardjz@cyberchimps.com,Female,241.239.158.182
721,Bruce,Moore,bmoorek0@mapquest.com,Male,25.188.16.161
722,Jack,Kelley,jkelleyk1@g.co,Male,164.147.48.82
723,Ryan,Ortiz,rortizk2@wunderground.com,Male,98.94.127.189
724,Evelyn,Simpson,esimpsonk3@ox.ac.uk,Female,110.112.136.123
725,Maria,Jordan,mjordank4@google.co.jp,Female,80.241.71.113
726,Stephen,Hanson,shansonk5@mapy.cz,Male,148.160.252.169
727,Henry,Bailey,hbaileyk6@walmart.com,Male,16.100.93.250
728,Julia,Wright,jwrightk7@posterous.com,Female,100.84.99.84
729,Keith,Dunn,kdunnk8@shop-pro.jp,Male,18.175.233.210
730,Ruby,Jenkins,rjenkinsk9@paypal.com,Female,169.117.0.214
731,Craig,West,cwestka@nhs.uk,Male,200.245.8.241
732,Fred,Bishop,fbishopkb@flickr.com,Male,71.90.17.5
733,Beverly,Kim,bkimkc@skype.com,Female,64.78.205.46
734,Nicholas,Gonzalez,ngonzalezkd@bandcamp.com,Male,63.180.191.23
735,Rebecca,Scott,rscottke@cargocollective.com,Female,40.97.135.26
736,Dennis,Schmidt,dschmidtkf@marriott.com,Male,215.63.21.201
737,Nicole,Burke,nburkekg@about.com,Female,137.252.172.9
738,Antonio,Griffin,agriffinkh@cbsnews.com,Male,209.66.244.15
739,Cheryl,West,cwestki@mozilla.com,Female,168.27.197.79
740,James,Berry,jberrykj@mapy.cz,Male,0.178.184.114
741,Ronald,Rice,rricekk@discovery.com,Male,234.142.222.93
742,Irene,Bishop,ibishopkl@purevolume.com,Female,218.213.63.111
743,Keith,Robertson,krobertsonkm@sbwire.com,Male,56.190.16.69
744,Jennifer,Harrison,jharrisonkn@census.gov,Female,22.0.247.7
745,Teresa,Franklin,tfranklinko@weibo.com,Female,82.234.102.67
746,Phyllis,Nelson,pnelsonkp@si.edu,Female,9.233.106.28
747,Anna,Weaver,aweaverkq@trellian.com,Female,134.199.127.155
748,Karen,Mason,kmasonkr@si.edu,Female,22.122.216.150
749,Larry,Watkins,lwatkinsks@cnbc.com,Male,53.25.173.27
750,Chris,Welch,cwelchkt@ucoz.com,Male,231.239.38.92
751,Jessica,Lawrence,jlawrenceku@upenn.edu,Female,113.148.25.232
752,Jerry,Murray,jmurraykv@timesonline.co.uk,Male,13.62.41.27
753,Judy,Schmidt,jschmidtkw@nbcnews.com,Female,124.194.166.88
754,Angela,Dunn,adunnkx@mtv.com,Female,8.176.89.238
755,Betty,Morrison,bmorrisonky@timesonline.co.uk,Female,68.175.14.4
756,Willie,Hudson,whudsonkz@dagondesign.com,Male,230.133.218.190
757,Catherine,Nguyen,cnguyenl0@t-online.de,Female,173.170.212.220
758,Chris,Elliott,celliottl1@mlb.com,Male,2.196.140.139
759,Jimmy,Turner,jturnerl2@shareasale.com,Male,28.57.137.93
760,Ralph,Henderson,rhendersonl3@reuters.com,Male,233.33.225.223
761,Frank,Romero,fromerol4@arizona.edu,Male,97.113.93.214
762,Thomas,Olson,tolsonl5@posterous.com,Male,214.124.30.254
763,Richard,Kim,rkiml6@wisc.edu,Male,111.52.169.248
764,Kevin,King,kkingl7@about.me,Male,174.174.146.66
765,Justin,Daniels,jdanielsl8@cisco.com,Male,80.151.100.233
766,Albert,Burke,aburkel9@wsj.com,Male,122.65.79.250
767,Tina,Hicks,thicksla@cornell.edu,Female,147.10.62.155
768,Ashley,Armstrong,aarmstronglb@about.me,Female,52.139.194.103
769,Stephen,Chapman,schapmanlc@soundcloud.com,Male,182.209.162.244
770,Patrick,Ray,prayld@xrea.com,Male,103.41.112.149
771,Earl,Alvarez,ealvarezle@washington.edu,Male,65.8.115.225
772,Marilyn,Sanchez,msanchezlf@princeton.edu,Female,241.209.162.196
773,Jimmy,Rose,jroselg@reddit.com,Male,248.60.18.99
774,William,Medina,wmedinalh@list-manage.com,Male,253.220.53.199
775,James,Ellis,jellisli@buzzfeed.com,Male,233.220.221.183
776,Helen,Allen,hallenlj@nih.gov,Female,92.161.120.200
777,Joe,Greene,jgreenelk@studiopress.com,Male,124.240.103.197
778,Stephen,Riley,srileyll@github.com,Male,74.228.85.233
779,Virginia,Crawford,vcrawfordlm@simplemachines.org,Female,4.97.36.80
780,Jeffrey,Green,jgreenln@tripod.com,Male,184.2.248.181
781,George,Stone,gstonelo@answers.com,Male,253.170.221.71
782,Jesse,Medina,jmedinalp@wp.com,Male,254.57.10.200
783,Rebecca,Franklin,rfranklinlq@sourceforge.net,Female,169.86.223.225
784,Jeffrey,Gonzalez,jgonzalezlr@deviantart.com,Male,25.244.127.59
785,George,Gardner,ggardnerls@aboutads.info,Male,231.129.80.85
786,Margaret,Snyder,msnyderlt@tuttocitta.it,Female,101.23.1.230
787,Gerald,Edwards,gedwardslu@ycombinator.com,Male,109.97.204.41
788,Linda,Welch,lwelchlv@ihg.com,Female,170.222.216.15
789,Nicole,Watkins,nwatkinslw@diigo.com,Female,49.217.27.99
790,Martin,Lynch,mlynchlx@gnu.org,Male,132.148.149.254
791,Jennifer,Allen,jallenly@nifty.com,Female,37.3.142.103
792,Earl,Jacobs,ejacobslz@uiuc.edu,Male,60.40.160.130
793,Jesse,Bell,jbellm0@rambler.ru,Male,243.52.198.204
794,George,Hawkins,ghawkinsm1@wired.com,Male,225.81.205.95
795,Phyllis,Moore,pmoorem2@mail.ru,Female,164.134.117.22
796,Maria,Alexander,malexanderm3@abc.net.au,Female,148.102.77.162
797,Beverly,Foster,bfosterm4@microsoft.com,Female,160.149.233.95
798,Ryan,Richardson,rrichardsonm5@github.io,Male,102.212.113.101
799,Paul,Collins,pcollinsm6@samsung.com,Male,242.51.35.86
800,Matthew,Alexander,malexanderm7@yale.edu,Male,102.225.74.1
801,Nicholas,West,nwestm8@ucoz.ru,Male,244.21.201.25
802,Nicholas,Allen,nallenm9@tuttocitta.it,Male,186.57.175.3
803,Norma,Hunter,nhunterma@washington.edu,Female,162.117.100.99
804,Sara,Holmes,sholmesmb@sun.com,Female,168.53.143.58
805,Andrea,Moreno,amorenomc@apple.com,Female,206.101.23.139
806,Wayne,Montgomery,wmontgomerymd@networksolutions.com,Male,164.138.93.78
807,Carol,Kelley,ckelleyme@skype.com,Female,8.220.98.242
808,Lillian,Lawson,llawsonmf@oakley.com,Female,6.95.104.18
809,Emily,Carpenter,ecarpentermg@seesaa.net,Female,111.37.112.253
810,Jason,West,jwestmh@time.com,Male,128.33.140.51
811,Peter,Griffin,pgriffinmi@examiner.com,Male,213.208.208.203
812,Joshua,Bishop,jbishopmj@wired.com,Male,61.160.88.2
813,Henry,Russell,hrussellmk@ameblo.jp,Male,67.27.142.198
814,Earl,Hughes,ehughesml@java.com,Male,200.57.103.74
815,Kathryn,Parker,kparkermm@diigo.com,Female,250.143.196.80
816,Carol,Bennett,cbennettmn@dion.ne.jp,Female,152.158.206.130
817,Thomas,Mason,tmasonmo@abc.net.au,Male,132.73.64.229
818,Maria,Howard,mhowardmp@php.net,Female,151.212.102.89
819,Sarah,Spencer,sspencermq@sun.com,Female,188.115.151.126
820,Rebecca,Edwards,redwardsmr@bbc.co.uk,Female,197.27.79.27
821,Jane,Porter,jporterms@sfgate.com,Female,4.40.28.26
822,Chris,Kim,ckimmt@list-manage.com,Male,43.16.108.12
823,Martin,Fuller,mfullermu@yelp.com,Male,12.193.155.217
824,Shirley,Gomez,sgomezmv@bloglovin.com,Female,139.99.54.103
825,David,Brown,dbrownmw@shop-pro.jp,Male,193.222.43.47
826,Fred,Porter,fportermx@intel.com,Male,147.38.139.158
827,Eugene,Murphy,emurphymy@eepurl.com,Male,81.80.65.171
828,Evelyn,Montgomery,emontgomerymz@ask.com,Female,78.160.33.190
829,Katherine,Hanson,khansonn0@biglobe.ne.jp,Female,7.43.120.152
830,Carl,Bowman,cbowmann1@mayoclinic.com,Male,192.86.1.54
831,Todd,Hughes,thughesn2@typepad.com,Male,70.245.40.204
832,Joseph,Franklin,jfranklinn3@sogou.com,Male,203.108.162.82
833,Ruby,Harrison,rharrisonn4@ucoz.com,Female,210.73.5.111
834,Irene,Hunter,ihuntern5@google.ca,Female,56.213.49.234
835,Matthew,Stanley,mstanleyn6@uol.com.br,Male,67.102.77.70
836,Joan,Alvarez,jalvarezn7@nba.com,Female,140.228.214.81
837,Fred,Woods,fwoodsn8@washington.edu,Male,11.142.225.100
838,Douglas,Cooper,dcoopern9@ebay.co.uk,Male,29.53.65.16
839,Elizabeth,Patterson,epattersonna@about.com,Female,52.228.50.138
840,Tammy,Sullivan,tsullivannb@craigslist.org,Female,155.64.170.94
841,Gregory,Hart,ghartnc@fotki.com,Male,49.118.55.233
842,Paul,Martinez,pmartineznd@nhs.uk,Male,75.74.211.78
843,Anthony,Ruiz,aruizne@examiner.com,Male,186.49.0.91
844,Jose,Vasquez,jvasqueznf@cbslocal.com,Male,110.225.241.113
845,Denise,Elliott,delliottng@cam.ac.uk,Female,247.82.122.9
846,Lillian,Edwards,ledwardsnh@go.com,Female,147.245.47.117
847,Earl,Jones,ejonesni@zimbio.com,Male,204.227.63.254
848,Christina,Myers,cmyersnj@moonfruit.com,Female,109.175.66.124
849,Robert,Bowman,rbowmannk@google.co.uk,Male,227.49.42.254
850,Craig,Castillo,ccastillonl@cargocollective.com,Male,84.247.193.201
851,Shirley,Torres,storresnm@telegraph.co.uk,Female,111.88.111.218
852,Christina,Roberts,crobertsnn@digg.com,Female,25.88.21.105
853,Nicole,Berry,nberryno@a8.net,Female,102.130.147.140
854,Timothy,Ford,tfordnp@indiatimes.com,Male,135.162.96.205
855,Lawrence,Morrison,lmorrisonnq@w3.org,Male,50.246.242.20
856,Todd,Perkins,tperkinsnr@businesswire.com,Male,114.204.148.132
857,Maria,Boyd,mboydns@samsung.com,Female,134.12.254.84
858,Todd,Hicks,thicksnt@unc.edu,Male,117.148.55.60
859,Eric,Porter,eporternu@eepurl.com,Male,193.24.41.50
860,Sandra,Fox,sfoxnv@php.net,Female,142.40.35.149
861,David,Gordon,dgordonnw@cyberchimps.com,Male,14.137.182.206
862,Russell,Roberts,rrobertsnx@tmall.com,Male,140.231.128.155
863,Virginia,Holmes,vholmesny@hostgator.com,Female,179.72.180.26
864,Nicholas,Stephens,nstephensnz@qq.com,Male,198.197.161.54
865,Frank,Stevens,fstevenso0@eventbrite.com,Male,187.81.79.74
866,Randy,Peters,rpeterso1@youtube.com,Male,172.25.198.168
867,Teresa,Hunt,thunto2@prnewswire.com,Female,247.64.32.90
868,Amanda,Ramos,aramoso3@i2i.jp,Female,224.218.227.6
869,Evelyn,Powell,epowello4@nyu.edu,Female,122.98.22.6
870,Henry,Boyd,hboydo5@4shared.com,Male,125.254.18.76
871,Ronald,Hunter,rhuntero6@about.me,Male,191.216.215.40
872,Michael,Henderson,mhendersono7@lycos.com,Male,113.233.194.104
873,Peter,Stewart,pstewarto8@cnbc.com,Male,91.150.102.203
874,Sharon,Woods,swoodso9@example.com,Female,160.211.252.217
875,Robin,Walker,rwalkeroa@clickbank.net,Female,11.35.239.109
876,Alan,Banks,abanksob@washingtonpost.com,Male,155.59.95.198
877,Scott,Mason,smasonoc@oracle.com,Male,193.217.99.235
878,Anne,Sullivan,asullivanod@washington.edu,Female,96.225.191.207
879,Sarah,Banks,sbanksoe@marriott.com,Female,180.120.70.112
880,Kenneth,Jones,kjonesof@ibm.com,Male,211.29.12.212
881,Elizabeth,Reynolds,ereynoldsog@bing.com,Female,168.161.138.244
882,Andrew,Ramirez,aramirezoh@homestead.com,Male,57.180.245.81
883,Johnny,Mills,jmillsoi@angelfire.com,Male,222.120.158.7
884,Clarence,Matthews,cmatthewsoj@techcrunch.com,Male,203.254.214.171
885,Carl,Wallace,cwallaceok@usnews.com,Male,180.217.21.179
886,Victor,Weaver,vweaverol@canalblog.com,Male,136.76.107.8
887,Richard,Gardner,rgardnerom@surveymonkey.com,Male,107.182.204.73
888,Edward,Cunningham,ecunninghamon@amazonaws.com,Male,136.68.39.253
889,Carlos,Nguyen,cnguyenoo@businessweek.com,Male,135.98.156.150
890,Matthew,Fisher,mfisherop@stumbleupon.com,Male,79.13.28.229
891,Irene,Wood,iwoodoq@trellian.com,Female,255.59.31.28
892,Kenneth,Andrews,kandrewsor@icq.com,Male,224.159.41.18
893,Catherine,Graham,cgrahamos@e-recht24.de,Female,2.137.225.233
894,Christina,Ellis,cellisot@xinhuanet.com,Female,4.146.146.17
895,Janice,Edwards,jedwardsou@meetup.com,Female,44.41.105.29
896,Nancy,Dean,ndeanov@pcworld.com,Female,185.230.127.156
897,Janet,Cox,jcoxow@foxnews.com,Female,236.34.50.72
898,Henry,Barnes,hbarnesox@wikispaces.com,Male,227.213.15.67
899,Aaron,Warren,awarrenoy@rediff.com,Male,254.207.29.63
900,Rebecca,Torres,rtorresoz@weather.com,Female,95.13.100.39
901,Sandra,Austin,saustinp0@zdnet.com,Female,89.223.176.196
902,Matthew,Spencer,mspencerp1@va.gov,Male,222.65.225.53
903,Patricia,Howell,phowellp2@engadget.com,Female,238.184.102.24
904,Robin,Arnold,rarnoldp3@tumblr.com,Female,118.200.243.48
905,Justin,Watkins,jwatkinsp4@cloudflare.com,Male,201.88.128.182
906,Tammy,Andrews,tandrewsp5@microsoft.com,Female,166.114.70.68
907,Janet,Green,jgreenp6@hugedomains.com,Female,86.187.92.54
908,Angela,Wagner,awagnerp7@goodreads.com,Female,128.109.182.53
909,Robert,Larson,rlarsonp8@topsy.com,Male,123.74.134.76
910,Frances,Mills,fmillsp9@typepad.com,Female,40.136.141.237
911,Willie,Mcdonald,wmcdonaldpa@yale.edu,Male,210.170.176.158
912,Rachel,Mitchell,rmitchellpb@rambler.ru,Female,88.141.161.185
913,Martin,Mills,mmillspc@slideshare.net,Male,86.126.229.211
914,Gregory,Elliott,gelliottpd@reverbnation.com,Male,164.3.4.255
915,Nancy,Fowler,nfowlerpe@canalblog.com,Female,243.78.196.86
916,Stephanie,Stone,sstonepf@angelfire.com,Female,204.205.121.122
917,Bobby,Nguyen,bnguyenpg@buzzfeed.com,Male,102.175.134.155
918,Dorothy,Ramos,dramosph@purevolume.com,Female,190.203.119.215
919,Harold,Rivera,hriverapi@aol.com,Male,104.205.31.183
920,Janice,Scott,jscottpj@dagondesign.com,Female,34.170.165.65
921,Maria,Robertson,mrobertsonpk@vimeo.com,Female,15.58.209.232
922,Heather,Howard,hhowardpl@barnesandnoble.com,Female,131.58.54.147
923,Earl,Nguyen,enguyenpm@cbsnews.com,Male,47.229.205.212
924,Walter,Stewart,wstewartpn@jugem.jp,Male,112.172.123.113
925,Mary,Martin,mmartinpo@smh.com.au,Female,186.47.226.198
926,Kathryn,Hawkins,khawkinspp@economist.com,Female,172.148.45.82
927,Albert,Webb,awebbpq@un.org,Male,42.110.254.103
928,Harry,Evans,hevanspr@hc360.com,Male,125.252.59.14
929,Victor,Rogers,vrogersps@skype.com,Male,242.130.111.97
930,Kimberly,Harper,kharperpt@economist.com,Female,125.12.140.51
931,Ashley,Ray,araypu@hao123.com,Female,209.244.232.28
932,Norma,Ramirez,nramirezpv@netvibes.com,Female,107.1.200.119
933,Lillian,Johnson,ljohnsonpw@scribd.com,Female,151.221.57.137
934,Scott,Powell,spowellpx@economist.com,Male,58.167.109.8
935,Alan,Adams,aadamspy@shutterfly.com,Male,252.14.94.238
936,Virginia,Edwards,vedwardspz@booking.com,Female,175.127.109.204
937,Heather,Rogers,hrogersq0@china.com.cn,Female,74.182.191.134
938,Barbara,Harris,bharrisq1@sphinn.com,Female,95.83.8.193
939,Denise,Young,dyoungq2@abc.net.au,Female,212.239.111.174
940,Steve,Rice,sriceq3@psu.edu,Male,25.168.30.42
941,Randy,Rose,rroseq4@bandcamp.com,Male,200.110.27.7
942,Martha,Ward,mwardq5@flavors.me,Female,32.39.57.181
943,Jonathan,Larson,jlarsonq6@tripod.com,Male,228.151.178.170
944,Gerald,Reid,greidq7@multiply.com,Male,1.16.232.30
945,Walter,Walker,wwalkerq8@ning.com,Male,139.35.165.138
946,Carol,Gonzalez,cgonzalezq9@oakley.com,Female,230.210.150.160
947,Rose,Hanson,rhansonqa@ebay.co.uk,Female,7.49.221.35
948,Antonio,Nichols,anicholsqb@unblog.fr,Male,182.157.27.182
949,Paul,Jacobs,pjacobsqc@feedburner.com,Male,13.94.24.243
950,Amanda,Foster,afosterqd@toplist.cz,Female,184.125.86.157
951,Cynthia,Lane,claneqe@github.io,Female,223.9.218.176
952,Julia,Wallace,jwallaceqf@google.de,Female,201.55.17.68
953,Lori,Chapman,lchapmanqg@bravesites.com,Female,212.219.149.157
954,Rachel,Willis,rwillisqh@jigsy.com,Female,79.193.212.123
955,George,Cox,gcoxqi@deviantart.com,Male,72.151.11.25
956,Johnny,Kim,jkimqj@webnode.com,Male,119.102.115.210
957,Patrick,Mccoy,pmccoyqk@usda.gov,Male,172.207.27.95
958,Marie,Brooks,mbrooksql@unblog.fr,Female,166.241.63.81
959,Sarah,Burke,sburkeqm@mayoclinic.com,Female,219.53.135.92
960,Rachel,Coleman,rcolemanqn@exblog.jp,Female,37.76.83.183
961,Brandon,Sims,bsimsqo@admin.ch,Male,27.242.4.146
962,Irene,Hamilton,ihamiltonqp@google.com.hk,Female,36.227.118.173
963,Rose,Anderson,randersonqq@fotki.com,Female,65.170.48.61
964,Kathy,Murray,kmurrayqr@huffingtonpost.com,Female,71.91.126.158
965,Adam,Grant,agrantqs@blinklist.com,Male,34.203.229.171
966,Alice,Franklin,afranklinqt@goo.ne.jp,Female,149.23.204.219
967,David,Kelly,dkellyqu@arstechnica.com,Male,146.218.60.246
968,Earl,Robertson,erobertsonqv@ucoz.ru,Male,22.37.69.38
969,Jeffrey,Washington,jwashingtonqw@tinyurl.com,Male,97.229.123.91
970,Nicole,Day,ndayqx@youku.com,Female,47.119.114.70
971,Larry,Henderson,lhendersonqy@howstuffworks.com,Male,196.55.177.137
972,Kathleen,Bennett,kbennettqz@slashdot.org,Female,45.53.233.66
973,Richard,Castillo,rcastillor0@cbslocal.com,Male,249.59.154.68
974,Barbara,Morgan,bmorganr1@buzzfeed.com,Female,214.236.102.162
975,Philip,Andrews,pandrewsr2@apache.org,Male,142.148.65.65
976,Christopher,Garrett,cgarrettr3@bandcamp.com,Male,68.155.143.4
977,Andrea,Miller,amillerr4@sitemeter.com,Female,126.64.224.138
978,Mary,Reed,mreedr5@baidu.com,Female,45.58.114.5
979,Eugene,Hayes,ehayesr6@surveymonkey.com,Male,95.102.222.188
980,Juan,Wright,jwrightr7@usnews.com,Male,57.73.217.4
981,Ashley,Patterson,apattersonr8@china.com.cn,Female,131.119.226.115
982,Lillian,Knight,lknightr9@dot.gov,Female,100.184.194.139
983,Clarence,Peterson,cpetersonra@gizmodo.com,Male,26.35.175.186
984,Frank,Lawrence,flawrencerb@is.gd,Male,129.62.65.22
985,Angela,Lynch,alynchrc@wordpress.com,Female,240.17.15.245
986,Teresa,Richards,trichardsrd@discovery.com,Female,171.137.20.46
987,Debra,Berry,dberryre@creativecommons.org,Female,218.6.223.179
988,Aaron,Stevens,astevensrf@jiathis.com,Male,193.71.117.189
989,Shirley,Mendoza,smendozarg@addthis.com,Female,165.105.84.33
990,Jeremy,Snyder,jsnyderrh@hc360.com,Male,250.127.185.101
991,Roy,Webb,rwebbri@chicagotribune.com,Male,156.222.4.2
992,Anna,Brooks,abrooksrj@eepurl.com,Female,153.56.196.42
993,Janice,Long,jlongrk@discovery.com,Female,157.238.175.3
994,Michelle,Martin,mmartinrl@miibeian.gov.cn,Female,179.97.8.172
995,Janice,Hicks,jhicksrm@wsj.com,Female,236.37.131.127
996,Alan,Stanley,astanleyrn@naver.com,Male,161.33.1.8
997,Harry,Hanson,hhansonro@hao123.com,Male,109.86.176.229
998,Beverly,Jordan,bjordanrp@irs.gov,Female,251.217.100.33
999,Carol,Rodriguez,crodriguezrq@mediafire.com,Female,77.69.5.86
1000,Peter,Lane,planerr@free.fr,Male,112.79.116.254
